{
  "accuracy": 0.507563025210084,
  "classification_report": {
    "crash": {
      "precision": 0.39285714285714285,
      "recall": 0.28205128205128205,
      "f1-score": 0.3283582089552239,
      "support": 39.0
    },
    "hihat_closed": {
      "precision": 0.5315315315315315,
      "recall": 0.4041095890410959,
      "f1-score": 0.4591439688715953,
      "support": 146.0
    },
    "hihat_open": {
      "precision": 0.5094339622641509,
      "recall": 0.45,
      "f1-score": 0.4778761061946903,
      "support": 60.0
    },
    "kick": {
      "precision": 0.4157303370786517,
      "recall": 0.47435897435897434,
      "f1-score": 0.4431137724550898,
      "support": 78.0
    },
    "ride": {
      "precision": 0.6296296296296297,
      "recall": 0.7285714285714285,
      "f1-score": 0.6754966887417219,
      "support": 70.0
    },
    "snare": {
      "precision": 0.4444444444444444,
      "recall": 0.5217391304347826,
      "f1-score": 0.48,
      "support": 46.0
    },
    "snare_electric": {
      "precision": 0.54,
      "recall": 0.5869565217391305,
      "f1-score": 0.5625,
      "support": 46.0
    },
    "tom_floor": {
      "precision": 0.9130434782608695,
      "recall": 0.84,
      "f1-score": 0.875,
      "support": 25.0
    },
    "tom_low": {
      "precision": 0.96,
      "recall": 0.96,
      "f1-score": 0.96,
      "support": 25.0
    },
    "unknown_44": {
      "precision": 0.6,
      "recall": 1.0,
      "f1-score": 0.75,
      "support": 3.0
    },
    "unknown_52": {
      "precision": 0.0,
      "recall": 0.0,
      "f1-score": 0.0,
      "support": 1.0
    },
    "unknown_54": {
      "precision": 0.34782608695652173,
      "recall": 0.41025641025641024,
      "f1-score": 0.3764705882352941,
      "support": 39.0
    },
    "unknown_56": {
      "precision": 0.07692307692307693,
      "recall": 0.14285714285714285,
      "f1-score": 0.1,
      "support": 7.0
    },
    "unknown_70": {
      "precision": 0.07142857142857142,
      "recall": 0.1,
      "f1-score": 0.08333333333333333,
      "support": 10.0
    },
    "accuracy": 0.507563025210084,
    "macro avg": {
      "precision": 0.4594891615267564,
      "recall": 0.4929214628078748,
      "f1-score": 0.46937804762763913,
      "support": 595.0
    },
    "weighted avg": {
      "precision": 0.5188581618858957,
      "recall": 0.507563025210084,
      "f1-score": 0.508667033132967,
      "support": 595.0
    }
  },
  "confusion_matrix": [
    [
      11,
      1,
      10,
      0,
      14,
      1,
      2,
      0,
      0,
      0,
      0,
      0,
      0,
      0
    ],
    [
      2,
      59,
      9,
      33,
      0,
      18,
      5,
      0,
      0,
      1,
      1,
      6,
      6,
      6
    ],
    [
      7,
      11,
      27,
      0,
      3,
      0,
      1,
      0,
      0,
      1,
      0,
      10,
      0,
      0
    ],
    [
      0,
      23,
      0,
      37,
      6,
      1,
      2,
      1,
      0,
      0,
      2,
      5,
      1,
      0
    ],
    [
      8,
      0,
      1,
      5,
      51,
      4,
      1,
      0,
      0,
      0,
      0,
      0,
      0,
      0
    ],
    [
      0,
      7,
      0,
      2,
      3,
      24,
      8,
      0,
      0,
      0,
      0,
      0,
      0,
      2
    ],
    [
      0,
      2,
      1,
      4,
      4,
      3,
      27,
      0,
      0,
      0,
      0,
      4,
      0,
      1
    ],
    [
      0,
      0,
      0,
      3,
      0,
      0,
      0,
      21,
      1,
      0,
      0,
      0,
      0,
      0
    ],
    [
      0,
      0,
      0,
      0,
      0,
      0,
      0,
      1,
      24,
      0,
      0,
      0,
      0,
      0
    ],
    [
      0,
      0,
      0,
      0,
      0,
      0,
      0,
      0,
      0,
      3,
      0,
      0,
      0,
      0
    ],
    [
      0,
      0,
      0,
      0,
      0,
      0,
      0,
      0,
      0,
      0,
      0,
      1,
      0,
      0
    ],
    [
      0,
      2,
      5,
      5,
      0,
      2,
      4,
      0,
      0,
      0,
      0,
      16,
      3,
      2
    ],
    [
      0,
      2,
      0,
      0,
      0,
      0,
      0,
      0,
      0,
      0,
      0,
      2,
      1,
      2
    ],
    [
      0,
      4,
      0,
      0,
      0,
      1,
      0,
      0,
      0,
      0,
      0,
      2,
      2,
      1
    ]
  ],
  "feature_importance": {
    "spectral_centroid": 0.20088491507035644,
    "spectral_bandwidth": 0.16856549703570592,
    "spectral_rolloff": 0.1772629086000395,
    "zero_crossing_rate": 0.17822478262382402,
    "spectral_flatness": 0.10398721191127899,
    "spectral_spread": 0.17107468475879523
  },
  "dataset_info": {
    "total_samples": 2975,
    "real_samples": 1550,
    "synthetic_samples": 1425,
    "real_data_weight": 0.6
  }
}