{
  "accuracy": 0.47684391080617494,
  "classification_report": {
    "crash": {
      "precision": 0.45161290322580644,
      "recall": 0.35,
      "f1-score": 0.39436619718309857,
      "support": 40.0
    },
    "hihat_closed": {
      "precision": 0.5126050420168067,
      "recall": 0.4206896551724138,
      "f1-score": 0.4621212121212121,
      "support": 145.0
    },
    "hihat_open": {
      "precision": 0.453125,
      "recall": 0.4915254237288136,
      "f1-score": 0.4715447154471545,
      "support": 59.0
    },
    "kick": {
      "precision": 0.375,
      "recall": 0.34615384615384615,
      "f1-score": 0.36,
      "support": 78.0
    },
    "ride": {
      "precision": 0.5294117647058824,
      "recall": 0.7142857142857143,
      "f1-score": 0.6081081081081081,
      "support": 63.0
    },
    "snare": {
      "precision": 0.4782608695652174,
      "recall": 0.4583333333333333,
      "f1-score": 0.46808510638297873,
      "support": 48.0
    },
    "snare_electric": {
      "precision": 0.40476190476190477,
      "recall": 0.38636363636363635,
      "f1-score": 0.3953488372093023,
      "support": 44.0
    },
    "tom_floor": {
      "precision": 1.0,
      "recall": 0.9583333333333334,
      "f1-score": 0.9787234042553191,
      "support": 24.0
    },
    "tom_low": {
      "precision": 1.0,
      "recall": 1.0,
      "f1-score": 1.0,
      "support": 23.0
    },
    "unknown_44": {
      "precision": 0.0,
      "recall": 0.0,
      "f1-score": 0.0,
      "support": 3.0
    },
    "unknown_52": {
      "precision": 0.0,
      "recall": 0.0,
      "f1-score": 0.0,
      "support": 1.0
    },
    "unknown_54": {
      "precision": 0.3333333333333333,
      "recall": 0.38461538461538464,
      "f1-score": 0.35714285714285715,
      "support": 39.0
    },
    "unknown_56": {
      "precision": 0.0,
      "recall": 0.0,
      "f1-score": 0.0,
      "support": 6.0
    },
    "unknown_70": {
      "precision": 0.125,
      "recall": 0.2,
      "f1-score": 0.15384615384615385,
      "support": 10.0
    },
    "accuracy": 0.47684391080617494,
    "macro avg": {
      "precision": 0.4045079155434964,
      "recall": 0.4078785947847483,
      "f1-score": 0.40352047083544174,
      "support": 583.0
    },
    "weighted avg": {
      "precision": 0.4866991577128543,
      "recall": 0.47684391080617494,
      "f1-score": 0.4782401394165447,
      "support": 583.0
    }
  },
  "confusion_matrix": [
    [
      14,
      5,
      6,
      0,
      15,
      0,
      0,
      0,
      0,
      0,
      0,
      0,
      0,
      0
    ],
    [
      1,
      61,
      13,
      29,
      1,
      12,
      4,
      0,
      0,
      1,
      0,
      7,
      9,
      7
    ],
    [
      7,
      11,
      29,
      0,
      2,
      0,
      2,
      0,
      0,
      0,
      0,
      8,
      0,
      0
    ],
    [
      1,
      22,
      0,
      27,
      13,
      1,
      5,
      0,
      0,
      0,
      1,
      7,
      1,
      0
    ],
    [
      7,
      0,
      1,
      5,
      45,
      2,
      2,
      0,
      0,
      0,
      0,
      1,
      0,
      0
    ],
    [
      0,
      13,
      0,
      1,
      3,
      22,
      6,
      0,
      0,
      0,
      0,
      1,
      0,
      2
    ],
    [
      1,
      1,
      3,
      2,
      6,
      9,
      17,
      0,
      0,
      0,
      0,
      1,
      0,
      4
    ],
    [
      0,
      0,
      0,
      1,
      0,
      0,
      0,
      23,
      0,
      0,
      0,
      0,
      0,
      0
    ],
    [
      0,
      0,
      0,
      0,
      0,
      0,
      0,
      0,
      23,
      0,
      0,
      0,
      0,
      0
    ],
    [
      0,
      0,
      1,
      0,
      0,
      0,
      0,
      0,
      0,
      0,
      0,
      2,
      0,
      0
    ],
    [
      0,
      0,
      0,
      1,
      0,
      0,
      0,
      0,
      0,
      0,
      0,
      0,
      0,
      0
    ],
    [
      0,
      1,
      11,
      6,
      0,
      0,
      4,
      0,
      0,
      0,
      0,
      15,
      2,
      0
    ],
    [
      0,
      3,
      0,
      0,
      0,
      0,
      0,
      0,
      0,
      0,
      0,
      2,
      0,
      1
    ],
    [
      0,
      2,
      0,
      0,
      0,
      0,
      2,
      0,
      0,
      0,
      0,
      1,
      3,
      2
    ]
  ],
  "feature_importance": {
    "spectral_centroid": 0.20368747667941384,
    "spectral_bandwidth": 0.17722708194386017,
    "spectral_rolloff": 0.1643615238719152,
    "zero_crossing_rate": 0.1787958210464846,
    "spectral_flatness": 0.10617309119903125,
    "spectral_spread": 0.16975500525929488
  },
  "dataset_info": {
    "total_samples": 2914,
    "real_samples": 1503,
    "synthetic_samples": 1411,
    "real_data_weight": 0.6
  }
}