{
  "accuracy": 0.444015444015444,
  "classification_report": {
    "crash": {
      "precision": 0.0,
      "recall": 0.0,
      "f1-score": 0.0,
      "support": 1.0
    },
    "hihat_closed": {
      "precision": 0.4767932489451477,
      "recall": 0.7337662337662337,
      "f1-score": 0.578005115089514,
      "support": 154.0
    },
    "hihat_open": {
      "precision": 0.0,
      "recall": 0.0,
      "f1-score": 0.0,
      "support": 16.0
    },
    "kick": {
      "precision": 0.352112676056338,
      "recall": 0.24509803921568626,
      "f1-score": 0.28901734104046245,
      "support": 102.0
    },
    "ride": {
      "precision": 0.6285714285714286,
      "recall": 0.6027397260273972,
      "f1-score": 0.6153846153846154,
      "support": 73.0
    },
    "snare": {
      "precision": 0.4166666666666667,
      "recall": 0.625,
      "f1-score": 0.5,
      "support": 48.0
    },
    "snare_electric": {
      "precision": 0.08333333333333333,
      "recall": 0.06666666666666667,
      "f1-score": 0.07407407407407407,
      "support": 15.0
    },
    "tom_low": {
      "precision": 0.0,
      "recall": 0.0,
      "f1-score": 0.0,
      "support": 0.0
    },
    "unknown_30": {
      "precision": 0.0,
      "recall": 0.0,
      "f1-score": 0.0,
      "support": 2.0
    },
    "unknown_32": {
      "precision": 0.35294117647058826,
      "recall": 0.25,
      "f1-score": 0.2926829268292683,
      "support": 24.0
    },
    "unknown_34": {
      "precision": 0.0,
      "recall": 0.0,
      "f1-score": 0.0,
      "support": 2.0
    },
    "unknown_39": {
      "precision": 0.0,
      "recall": 0.0,
      "f1-score": 0.0,
      "support": 3.0
    },
    "unknown_41": {
      "precision": 0.0,
      "recall": 0.0,
      "f1-score": 0.0,
      "support": 1.0
    },
    "unknown_44": {
      "precision": 0.0,
      "recall": 0.0,
      "f1-score": 0.0,
      "support": 5.0
    },
    "unknown_50": {
      "precision": 0.0,
      "recall": 0.0,
      "f1-score": 0.0,
      "support": 0.0
    },
    "unknown_52": {
      "precision": 0.0,
      "recall": 0.0,
      "f1-score": 0.0,
      "support": 1.0
    },
    "unknown_54": {
      "precision": 0.2727272727272727,
      "recall": 0.23076923076923078,
      "f1-score": 0.25,
      "support": 39.0
    },
    "unknown_56": {
      "precision": 0.3333333333333333,
      "recall": 0.09090909090909091,
      "f1-score": 0.14285714285714285,
      "support": 22.0
    },
    "unknown_70": {
      "precision": 0.0,
      "recall": 0.0,
      "f1-score": 0.0,
      "support": 10.0
    },
    "accuracy": 0.444015444015444,
    "macro avg": {
      "precision": 0.15349890190021626,
      "recall": 0.14973415722917396,
      "f1-score": 0.1443169060671093,
      "support": 518.0
    },
    "weighted avg": {
      "precision": 0.3917329204363023,
      "recall": 0.444015444015444,
      "f1-score": 0.40240152882405394,
      "support": 518.0
    }
  },
  "confusion_matrix": [
    [
      0,
      0,
      0,
      0,
      0,
      0,
      0,
      0,
      0,
      1,
      0,
      0,
      0,
      0,
      0,
      0,
      0,
      0,
      0
    ],
    [
      0,
      113,
      0,
      12,
      1,
      14,
      2,
      0,
      0,
      0,
      0,
      0,
      0,
      0,
      0,
      0,
      12,
      0,
      0
    ],
    [
      0,
      11,
      0,
      0,
      0,
      0,
      0,
      0,
      0,
      0,
      0,
      0,
      0,
      0,
      0,
      0,
      5,
      0,
      0
    ],
    [
      0,
      43,
      0,
      25,
      21,
      3,
      7,
      0,
      0,
      3,
      0,
      0,
      0,
      0,
      0,
      0,
      0,
      0,
      0
    ],
    [
      0,
      2,
      0,
      19,
      44,
      8,
      0,
      0,
      0,
      0,
      0,
      0,
      0,
      0,
      0,
      0,
      0,
      0,
      0
    ],
    [
      0,
      9,
      0,
      0,
      3,
      30,
      2,
      0,
      0,
      2,
      0,
      0,
      0,
      0,
      0,
      0,
      0,
      2,
      0
    ],
    [
      0,
      6,
      0,
      1,
      0,
      7,
      1,
      0,
      0,
      0,
      0,
      0,
      0,
      0,
      0,
      0,
      0,
      0,
      0
    ],
    [
      0,
      0,
      0,
      0,
      0,
      0,
      0,
      0,
      0,
      0,
      0,
      0,
      0,
      0,
      0,
      0,
      0,
      0,
      0
    ],
    [
      0,
      1,
      0,
      0,
      0,
      0,
      0,
      0,
      0,
      0,
      0,
      0,
      0,
      0,
      0,
      0,
      0,
      1,
      0
    ],
    [
      0,
      5,
      0,
      8,
      0,
      5,
      0,
      0,
      0,
      6,
      0,
      0,
      0,
      0,
      0,
      0,
      0,
      0,
      0
    ],
    [
      0,
      1,
      0,
      0,
      0,
      0,
      0,
      0,
      0,
      0,
      0,
      0,
      0,
      0,
      0,
      0,
      1,
      0,
      0
    ],
    [
      0,
      1,
      0,
      0,
      0,
      0,
      0,
      0,
      0,
      1,
      0,
      0,
      0,
      0,
      0,
      0,
      0,
      1,
      0
    ],
    [
      0,
      0,
      0,
      1,
      0,
      0,
      0,
      0,
      0,
      0,
      0,
      0,
      0,
      0,
      0,
      0,
      0,
      0,
      0
    ],
    [
      0,
      4,
      0,
      0,
      0,
      0,
      0,
      0,
      0,
      0,
      0,
      0,
      0,
      0,
      0,
      0,
      1,
      0,
      0
    ],
    [
      0,
      0,
      0,
      0,
      0,
      0,
      0,
      0,
      0,
      0,
      0,
      0,
      0,
      0,
      0,
      0,
      0,
      0,
      0
    ],
    [
      0,
      0,
      0,
      0,
      0,
      1,
      0,
      0,
      0,
      0,
      0,
      0,
      0,
      0,
      0,
      0,
      0,
      0,
      0
    ],
    [
      0,
      25,
      0,
      3,
      1,
      1,
      0,
      0,
      0,
      0,
      0,
      0,
      0,
      0,
      0,
      0,
      9,
      0,
      0
    ],
    [
      0,
      12,
      0,
      2,
      0,
      0,
      0,
      0,
      0,
      4,
      0,
      0,
      0,
      0,
      0,
      0,
      2,
      2,
      0
    ],
    [
      0,
      4,
      0,
      0,
      0,
      3,
      0,
      0,
      0,
      0,
      0,
      0,
      0,
      0,
      0,
      0,
      3,
      0,
      0
    ]
  ],
  "feature_importance": {},
  "dataset_info": {
    "total_samples": 2590,
    "real_samples": 2590
  }
}